version,time,type,id,state,edges,number,begin,end,depart,time2,id3,id4,type5,depart6,route,distance,speedFactor,state7,pos,speed,posLat,waitingTime,id8,value
1.8.0,100,micro,!100,0,gneE0 15491646#1 15491646#2 15491646#3 15491646#4 15491646#5 655281697#0,54,198,32,241,1017,DEFAULT_VEHTYPE,,,,,,,,,,,,,
1.8.0,100,micro,!101,0,gneE0 15491646#1 15491646#2 15491646#3 15491646#4 15491646#5 15491646#6 15491646#7 15491646#0 -gneE0,54,198,32,241,1017,DEFAULT_VEHTYPE,,,,,,,,,,,,,
1.8.0,100,micro,!102,0,15491650#1 15491646#2 15491646#3 15491646#4 15491646#5 15491646#6 15491646#7 15491646#0 -gneE0,54,198,32,241,1017,DEFAULT_VEHTYPE,,,,,,,,,,,,,
1.8.0,100,micro,!103,0,15491650#1 15491646#2 15491646#3 15491646#4 15491646#5 15491646#6 15491646#7 15491646#0 -gneE0,54,198,32,241,1017,DEFAULT_VEHTYPE,,,,,,,,,,,,,
1.8.0,100,micro,!104,0,15491650#1 15491646#2 15491646#3 15491646#4 15491646#5 655281697#0,54,198,32,241,1017,DEFAULT_VEHTYPE,,,,,,,,,,,,,
1.8.0,100,micro,!105,0,15491646#5 15491646#6 15491646#7 15491646#0 15491646#1 15491646#2 33851402#0,54,198,32,241,1017,DEFAULT_VEHTYPE,,,,,,,,,,,,,
1.8.0,100,micro,!106,0,15491650#1 15491646#2 15491646#3 15491646#4 15491646#5,54,198,32,241,1017,DEFAULT_VEHTYPE,,,,,,,,,,,,,
1.8.0,100,micro,!107,0,gneE0 15491646#1 15491646#2 15491646#3 15491646#4 15491646#5 655281697#0,54,198,32,241,1017,DEFAULT_VEHTYPE,,,,,,,,,,,,,
1.8.0,100,micro,!108,0,24448678#1 15491646#7 15491646#0 15491646#1 15491646#2 33851402#0,54,198,32,241,1017,DEFAULT_VEHTYPE,,,,,,,,,,,,,
1.8.0,100,micro,!109,0,-33851402#0 15491646#3,54,198,32,241,1017,DEFAULT_VEHTYPE,,,,,,,,,,,,,
1.8.0,100,micro,!11,0,15491650#1 15491646#2 15491646#3 15491646#4 15491646#5 15491646#6 15491646#7 15491646#0 -gneE0,54,198,32,241,1017,DEFAULT_VEHTYPE,,,,,,,,,,,,,
1.8.0,100,micro,!110,0,gneE0 15491646#1 15491646#2 15491646#3 33850990#0 33850990#1,54,198,32,241,1017,DEFAULT_VEHTYPE,,,,,,,,,,,,,
1.8.0,100,micro,!111,0,24448678#1 15491646#7 15491646#0 15491646#1 15491646#2 33851402#0,54,198,32,241,1017,DEFAULT_VEHTYPE,,,,,,,,,,,,,
1.8.0,100,micro,!112,0,-33851402#0 15491646#3 33850990#0 33850990#1,54,198,32,241,1017,DEFAULT_VEHTYPE,,,,,,,,,,,,,
1.8.0,100,micro,!113,0,15491650#1 15491646#2 15491646#3 15491646#4 15491646#5 655281697#0,54,198,32,241,1017,DEFAULT_VEHTYPE,,,,,,,,,,,,,
1.8.0,100,micro,!114,0,-33851402#0 15491646#3 15491646#4 15491646#5 655281697#0,54,198,32,241,1017,DEFAULT_VEHTYPE,,,,,,,,,,,,,
1.8.0,100,micro,!115,0,-33851402#0 15491646#3 15491646#4 15491646#5 15491646#6 15491646#7 15491646#0 -gneE0,54,198,32,241,1017,DEFAULT_VEHTYPE,,,,,,,,,,,,,
1.8.0,100,micro,!116,0,24448678#1 15491646#7 15491646#0 15491646#1 15491646#2 33851402#0,54,198,32,241,1017,DEFAULT_VEHTYPE,,,,,,,,,,,,,
1.8.0,100,micro,!117,0,15491646#3 15491646#4 15491646#5 15491646#6 15491646#7 15491646#0 -gneE0,54,198,32,241,1017,DEFAULT_VEHTYPE,,,,,,,,,,,,,
1.8.0,100,micro,!118,0,gneE0 15491646#1 15491646#2 15491646#3,54,198,32,241,1017,DEFAULT_VEHTYPE,,,,,,,,,,,,,
1.8.0,100,micro,!119,0,24448678#1 15491646#7 15491646#0 15491646#1 15491646#2 33851402#0,54,198,32,241,1017,DEFAULT_VEHTYPE,,,,,,,,,,,,,
1.8.0,100,micro,!120,0,15491650#1 15491646#2 15491646#3 33850990#0 33850990#1,54,198,32,241,1017,DEFAULT_VEHTYPE,,,,,,,,,,,,,
1.8.0,100,micro,!121,0,24448678#1 15491646#7 15491646#0 15491646#1 15491646#2 15491646#3 15491646#4 15491646#5 655281697#0,54,198,32,241,1017,DEFAULT_VEHTYPE,,,,,,,,,,,,,
1.8.0,100,micro,!122,0,15491646#3 15491646#4 15491646#5 15491646#6 15491646#7 15491646#0 15491646#1 15491646#2 33851402#0,54,198,32,241,1017,DEFAULT_VEHTYPE,,,,,,,,,,,,,
1.8.0,100,micro,!123,0,15491646#3 15491646#4 15491646#5,54,198,32,241,1017,DEFAULT_VEHTYPE,,,,,,,,,,,,,
1.8.0,100,micro,!124,0,655281689#1 15491646#5 15491646#6 15491646#7 15491646#0 15491646#1 15491646#2 15491646#3,54,198,32,241,1017,DEFAULT_VEHTYPE,,,,,,,,,,,,,
1.8.0,100,micro,!125,0,15491646#5 15491646#6 15491646#7 15491646#0 15491646#1 15491646#2 33851402#0,54,198,32,241,1017,DEFAULT_VEHTYPE,,,,,,,,,,,,,
1.8.0,100,micro,!126,0,-33851402#0 15491646#3 33850990#0,54,198,32,241,1017,DEFAULT_VEHTYPE,,,,,,,,,,,,,
1.8.0,100,micro,!127,0,gneE0 15491646#1 15491646#2 15491646#3 15491646#4 15491646#5 655281697#0,54,198,32,241,1017,DEFAULT_VEHTYPE,,,,,,,,,,,,,
1.8.0,100,micro,!128,0,-33851402#0 15491646#3 15491646#4 15491646#5 15491646#6 15491646#7 15491646#0 -gneE0,54,198,32,241,1017,DEFAULT_VEHTYPE,,,,,,,,,,,,,
1.8.0,100,micro,!129,0,15491646#5 655281697#0,54,198,32,241,1017,DEFAULT_VEHTYPE,,,,,,,,,,,,,
1.8.0,100,micro,!130,0,gneE0 15491646#1 15491646#2 15491646#3 15491646#4 15491646#5 655281697#0,54,198,32,241,1017,DEFAULT_VEHTYPE,,,,,,,,,,,,,
1.8.0,100,micro,!131,0,15491650#1 15491646#2 15491646#3 15491646#4 15491646#5 15491646#6 15491646#7 15491646#0 -gneE0,54,198,32,241,1017,DEFAULT_VEHTYPE,,,,,,,,,,,,,
1.8.0,100,micro,!132,0,gneE0 15491646#1 15491646#2 33851402#0,54,198,32,241,1017,DEFAULT_VEHTYPE,,,,,,,,,,,,,
1.8.0,100,micro,!133,0,24448678#1 15491646#7 15491646#0 15491646#1 15491646#2 15491646#3 15491646#4 15491646#5 655281697#0,54,198,32,241,1017,DEFAULT_VEHTYPE,,,,,,,,,,,,,
1.8.0,100,micro,!135,0,655281689#1 15491646#5 15491646#6 15491646#7 15491646#0 15491646#1 15491646#2 15491646#3,54,198,32,241,1017,DEFAULT_VEHTYPE,,,,,,,,,,,,,
1.8.0,100,micro,!137,0,-33851402#0 15491646#3 15491646#4 15491646#5 15491646#6 15491646#7 15491646#0 -gneE0,54,198,32,241,1017,DEFAULT_VEHTYPE,,,,,,,,,,,,,
1.8.0,100,micro,!138,0,-33851402#0 15491646#3 33850990#0 33850990#1,54,198,32,241,1017,DEFAULT_VEHTYPE,,,,,,,,,,,,,
1.8.0,100,micro,!139,0,15491646#5 15491646#6 15491646#7 15491646#0 15491646#1 15491646#2 15491646#3 33850990#0 33850990#1,54,198,32,241,1017,DEFAULT_VEHTYPE,,,,,,,,,,,,,
1.8.0,100,micro,!140,0,655281689#1 15491646#5 15491646#6 15491646#7 15491646#0 -gneE0,54,198,32,241,1017,DEFAULT_VEHTYPE,,,,,,,,,,,,,
1.8.0,100,micro,!141,0,24448678#1 15491646#7 15491646#0 15491646#1 15491646#2 15491646#3,54,198,32,241,1017,DEFAULT_VEHTYPE,,,,,,,,,,,,,
1.8.0,100,micro,!142,0,15491650#1 15491646#2 15491646#3 15491646#4 15491646#5 655281697#0,54,198,32,241,1017,DEFAULT_VEHTYPE,,,,,,,,,,,,,
1.8.0,100,micro,!143,0,gneE0 15491646#1 15491646#2 15491646#3 15491646#4 15491646#5 15491646#6 15491646#7 15491646#0 -gneE0,54,198,32,241,1017,DEFAULT_VEHTYPE,,,,,,,,,,,,,
1.8.0,100,micro,!144,0,15491650#1 15491646#2 15491646#3,54,198,32,241,1017,DEFAULT_VEHTYPE,,,,,,,,,,,,,
1.8.0,100,micro,!145,0,-33851402#0 33851402#0,54,198,32,241,1017,DEFAULT_VEHTYPE,,,,,,,,,,,,,
1.8.0,100,micro,!146,0,24448678#1 15491646#7 15491646#0 15491646#1 15491646#2 15491646#3,54,198,32,241,1017,DEFAULT_VEHTYPE,,,,,,,,,,,,,
1.8.0,100,micro,!147,0,655281689#1 15491646#5 15491646#6 15491646#7 15491646#0 15491646#1 15491646#2 15491646#3 33850990#0 33850990#1,54,198,32,241,1017,DEFAULT_VEHTYPE,,,,,,,,,,,,,
1.8.0,100,micro,!148,0,15491650#1 15491646#2 15491646#3 15491646#4 15491646#5 15491646#6 15491646#7 15491646#0 -gneE0,54,198,32,241,1017,DEFAULT_VEHTYPE,,,,,,,,,,,,,
1.8.0,100,micro,!149,0,-33851402#0 15491646#3 15491646#4 15491646#5 655281697#0,54,198,32,241,1017,DEFAULT_VEHTYPE,,,,,,,,,,,,,
1.8.0,100,micro,!150,0,gneE0 15491646#1 15491646#2 15491646#3 33850990#0 33850990#1,54,198,32,241,1017,DEFAULT_VEHTYPE,,,,,,,,,,,,,
1.8.0,100,micro,!151,0,gneE0 15491646#1 15491646#2 15491646#3 33850990#0 33850990#1,54,198,32,241,1017,DEFAULT_VEHTYPE,,,,,,,,,,,,,
1.8.0,100,micro,!152,0,-33851402#0 15491646#3 15491646#4 15491646#5 15491646#6 15491646#7 15491646#0 -gneE0,54,198,32,241,1017,DEFAULT_VEHTYPE,,,,,,,,,,,,,
1.8.0,100,micro,!153,0,15491646#5 655281697#0,54,198,32,241,1017,DEFAULT_VEHTYPE,,,,,,,,,,,,,
1.8.0,100,micro,!154,0,655281689#1 15491646#5 655281697#0,54,198,32,241,1017,DEFAULT_VEHTYPE,,,,,,,,,,,,,
1.8.0,100,micro,!155,0,gneE0 15491646#1 15491646#2 15491646#3 15491646#4 15491646#5 15491646#6 15491646#7 15491646#0 -gneE0,54,198,32,241,1017,DEFAULT_VEHTYPE,,,,,,,,,,,,,
1.8.0,100,micro,!156,0,15491646#3 15491646#4 15491646#5 15491646#6 15491646#7 15491646#0 -gneE0,54,198,32,241,1017,DEFAULT_VEHTYPE,,,,,,,,,,,,,
1.8.0,100,micro,!157,0,655281689#1 15491646#5 655281697#0,54,198,32,241,1017,DEFAULT_VEHTYPE,,,,,,,,,,,,,
1.8.0,100,micro,!158,0,15491650#1 15491646#2 33851402#0,54,198,32,241,1017,DEFAULT_VEHTYPE,,,,,,,,,,,,,
1.8.0,100,micro,!159,0,-33851402#0 15491646#3 15491646#4 15491646#5 655281697#0,54,198,32,241,1017,DEFAULT_VEHTYPE,,,,,,,,,,,,,
1.8.0,100,micro,!160,0,gneE0 15491646#1 15491646#2 15491646#3 15491646#4 15491646#5 655281697#0,54,198,32,241,1017,DEFAULT_VEHTYPE,,,,,,,,,,,,,
1.8.0,100,micro,!161,0,655281689#1 15491646#5 655281697#0,54,198,32,241,1017,DEFAULT_VEHTYPE,,,,,,,,,,,,,
1.8.0,100,micro,!162,0,-33851402#0 33851402#0,54,198,32,241,1017,DEFAULT_VEHTYPE,,,,,,,,,,,,,
1.8.0,100,micro,!163,0,15491650#1 15491646#2 15491646#3 15491646#4 15491646#5 655281697#0,54,198,32,241,1017,DEFAULT_VEHTYPE,,,,,,,,,,,,,
1.8.0,100,micro,!164,0,655281689#1 15491646#5 655281697#0,54,198,32,241,1017,DEFAULT_VEHTYPE,,,,,,,,,,,,,
1.8.0,100,micro,!165,0,655281689#1 15491646#5 15491646#6 15491646#7 15491646#0 15491646#1 15491646#2 15491646#3,54,198,32,241,1017,DEFAULT_VEHTYPE,,,,,,,,,,,,,
1.8.0,100,micro,!166,0,655281689#1 15491646#5 15491646#6 15491646#7 15491646#0 -gneE0,54,198,32,241,1017,DEFAULT_VEHTYPE,,,,,,,,,,,,,
1.8.0,100,micro,!167,0,gneE0 15491646#1 15491646#2 15491646#3 15491646#4 15491646#5 655281697#0,54,198,32,241,1017,DEFAULT_VEHTYPE,,,,,,,,,,,,,
1.8.0,100,micro,!168,0,15491646#3 15491646#4 15491646#5 15491646#6 15491646#7 15491646#0 15491646#1 15491646#2 33851402#0,54,198,32,241,1017,DEFAULT_VEHTYPE,,,,,,,,,,,,,
1.8.0,100,micro,!169,0,15491650#1 15491646#2 15491646#3,54,198,32,241,1017,DEFAULT_VEHTYPE,,,,,,,,,,,,,
1.8.0,100,micro,!170,0,655281689#1 15491646#5 15491646#6 15491646#7 15491646#0 15491646#1 15491646#2 15491646#3,54,198,32,241,1017,DEFAULT_VEHTYPE,,,,,,,,,,,,,
1.8.0,100,micro,!171,0,-33851402#0 15491646#3 15491646#4 15491646#5 15491646#6 15491646#7 15491646#0 -gneE0,54,198,32,241,1017,DEFAULT_VEHTYPE,,,,,,,,,,,,,
1.8.0,100,micro,!172,0,15491650#1 15491646#2 15491646#3 15491646#4 15491646#5 655281697#0,54,198,32,241,1017,DEFAULT_VEHTYPE,,,,,,,,,,,,,
1.8.0,100,micro,!173,0,gneE0 15491646#1 15491646#2 15491646#3,54,198,32,241,1017,DEFAULT_VEHTYPE,,,,,,,,,,,,,
1.8.0,100,micro,!175,0,gneE0 15491646#1 15491646#2 15491646#3 33850990#0 33850990#1,54,198,32,241,1017,DEFAULT_VEHTYPE,,,,,,,,,,,,,
1.8.0,100,micro,!176,0,gneE0 15491646#1 15491646#2 15491646#3 15491646#4 15491646#5 15491646#6 15491646#7 15491646#0 -gneE0,54,198,32,241,1017,DEFAULT_VEHTYPE,,,,,,,,,,,,,
1.8.0,100,micro,!177,0,gneE0 15491646#1 15491646#2 15491646#3 15491646#4 15491646#5 15491646#6 15491646#7 15491646#0 -gneE0,54,198,32,241,1017,DEFAULT_VEHTYPE,,,,,,,,,,,,,
1.8.0,100,micro,!178,0,gneE0 15491646#1 15491646#2 15491646#3,54,198,32,241,1017,DEFAULT_VEHTYPE,,,,,,,,,,,,,
1.8.0,100,micro,!179,0,-33851402#0 15491646#3 15491646#4 15491646#5 15491646#6 15491646#7,54,198,32,241,1017,DEFAULT_VEHTYPE,,,,,,,,,,,,,
1.8.0,100,micro,!180,0,655281689#1 15491646#5 15491646#6 15491646#7 15491646#0 15491646#1 15491646#2 15491646#3,54,198,32,241,1017,DEFAULT_VEHTYPE,,,,,,,,,,,,,
1.8.0,100,micro,!181,0,24448678#1 15491646#7 15491646#0 15491646#1 15491646#2 15491646#3 33850990#0 33850990#1,54,198,32,241,1017,DEFAULT_VEHTYPE,,,,,,,,,,,,,
1.8.0,100,micro,!182,0,15491650#1 15491646#2 15491646#3 33850990#0 33850990#1,54,198,32,241,1017,DEFAULT_VEHTYPE,,,,,,,,,,,,,
1.8.0,100,micro,!183,0,15491646#3 15491646#4 15491646#5 15491646#6 15491646#7 15491646#0 15491646#1 15491646#2 33851402#0,54,198,32,241,1017,DEFAULT_VEHTYPE,,,,,,,,,,,,,
1.8.0,100,micro,!184,0,-33851402#0 15491646#3 15491646#4 15491646#5 655281697#0,54,198,32,241,1017,DEFAULT_VEHTYPE,,,,,,,,,,,,,
1.8.0,100,micro,!185,0,24448678#1 15491646#7 15491646#0 15491646#1 15491646#2 33851402#0,54,198,32,241,1017,DEFAULT_VEHTYPE,,,,,,,,,,,,,
1.8.0,100,micro,!186,0,655281689#1 15491646#5 15491646#6 15491646#7 15491646#0 15491646#1 15491646#2 33851402#0,54,198,32,241,1017,DEFAULT_VEHTYPE,,,,,,,,,,,,,
1.8.0,100,micro,!187,0,15491650#1 15491646#2 15491646#3 15491646#4 15491646#5 15491646#6 15491646#7 15491646#0 -gneE0,54,198,32,241,1017,DEFAULT_VEHTYPE,,,,,,,,,,,,,
1.8.0,100,micro,!189,0,15491646#5 655281697#0,54,198,32,241,1017,DEFAULT_VEHTYPE,,,,,,,,,,,,,
1.8.0,100,micro,!190,0,655281689#1 15491646#5 15491646#6 15491646#7 15491646#0 15491646#1 15491646#2 15491646#3,54,198,32,241,1017,DEFAULT_VEHTYPE,,,,,,,,,,,,,
1.8.0,100,micro,!191,0,15491646#5,54,198,32,241,1017,DEFAULT_VEHTYPE,,,,,,,,,,,,,
1.8.0,100,micro,!192,0,15491650#1 15491646#2 15491646#3,54,198,32,241,1017,DEFAULT_VEHTYPE,,,,,,,,,,,,,
1.8.0,100,micro,!193,0,-33851402#0 15491646#3 15491646#4 15491646#5,54,198,32,241,1017,DEFAULT_VEHTYPE,,,,,,,,,,,,,
1.8.0,100,micro,!194,0,gneE0 15491646#1 15491646#2 33851402#0,54,198,32,241,1017,DEFAULT_VEHTYPE,,,,,,,,,,,,,
1.8.0,100,micro,!195,0,gneE0 15491646#1 15491646#2 33851402#0,54,198,32,241,1017,DEFAULT_VEHTYPE,,,,,,,,,,,,,
1.8.0,100,micro,!196,0,15491646#5 15491646#6 15491646#7 15491646#0 15491646#1 15491646#2 15491646#3 33850990#0 33850990#1,54,198,32,241,1017,DEFAULT_VEHTYPE,,,,,,,,,,,,,
1.8.0,100,micro,!197,0,-33851402#0 15491646#3,54,198,32,241,1017,DEFAULT_VEHTYPE,,,,,,,,,,,,,
1.8.0,100,micro,!198,0,15491650#1 15491646#2 15491646#3 33850990#0 33850990#1,54,198,32,241,1017,DEFAULT_VEHTYPE,,,,,,,,,,,,,
1.8.0,100,micro,!199,0,33850990#0,54,198,32,241,1017,DEFAULT_VEHTYPE,,,,,,,,,,,,,
1.8.0,100,micro,!20,0,655281689#1 15491646#5 15491646#6 15491646#7 15491646#0 -gneE0,54,198,32,241,1017,DEFAULT_VEHTYPE,,,,,,,,,,,,,
1.8.0,100,micro,!200,0,15491650#1 15491646#2 15491646#3 15491646#4 15491646#5 15491646#6 15491646#7 15491646#0 -gneE0,54,198,32,241,1017,DEFAULT_VEHTYPE,,,,,,,,,,,,,
1.8.0,100,micro,!201,0,15491650#1 15491646#2 15491646#3 15491646#4 15491646#5 655281697#0,54,198,32,241,1017,DEFAULT_VEHTYPE,,,,,,,,,,,,,
1.8.0,100,micro,!202,0,655281689#1 15491646#5 15491646#6 15491646#7 15491646#0 -gneE0,54,198,32,241,1017,DEFAULT_VEHTYPE,,,,,,,,,,,,,
1.8.0,100,micro,!24,0,24448678#1 15491646#7 15491646#0 15491646#1 15491646#2 15491646#3 15491646#4 15491646#5,54,198,32,241,1017,DEFAULT_VEHTYPE,,,,,,,,,,,,,
1.8.0,100,micro,!25,0,15491650#1 15491646#2 15491646#3 15491646#4 15491646#5 15491646#6 15491646#7 15491646#0 -gneE0,54,198,32,241,1017,DEFAULT_VEHTYPE,,,,,,,,,,,,,
1.8.0,100,micro,!28,0,15491646#3 15491646#4 15491646#5 15491646#6 15491646#7 15491646#0 15491646#1 15491646#2 33851402#0,54,198,32,241,1017,DEFAULT_VEHTYPE,,,,,,,,,,,,,
1.8.0,100,micro,!3,0,gneE0 15491646#1 15491646#2 15491646#3 15491646#4 15491646#5 15491646#6 15491646#7 15491646#0 -gneE0,54,198,32,241,1017,DEFAULT_VEHTYPE,,,,,,,,,,,,,
1.8.0,100,micro,!31,0,24448678#1 15491646#7 15491646#0 15491646#1 15491646#2 33851402#0,54,198,32,241,1017,DEFAULT_VEHTYPE,,,,,,,,,,,,,
1.8.0,100,micro,!32,0,gneE0 15491646#1 15491646#2 33851402#0,54,198,32,241,1017,DEFAULT_VEHTYPE,,,,,,,,,,,,,
1.8.0,100,micro,!33,0,15491646#3 15491646#4 15491646#5 15491646#6 15491646#7 15491646#0 -gneE0,54,198,32,241,1017,DEFAULT_VEHTYPE,,,,,,,,,,,,,
1.8.0,100,micro,!34,0,15491646#5 15491646#6 15491646#7 15491646#0 15491646#1 15491646#2 15491646#3,54,198,32,241,1017,DEFAULT_VEHTYPE,,,,,,,,,,,,,
1.8.0,100,micro,!36,0,gneE0 15491646#1 15491646#2 15491646#3,54,198,32,241,1017,DEFAULT_VEHTYPE,,,,,,,,,,,,,
1.8.0,100,micro,!38,0,gneE0 15491646#1 15491646#2 15491646#3 33850990#0,54,198,32,241,1017,DEFAULT_VEHTYPE,,,,,,,,,,,,,
1.8.0,100,micro,!39,0,15491646#4 15491646#5 15491646#6 15491646#7 15491646#0 15491646#1 15491646#2 15491646#3,54,198,32,241,1017,DEFAULT_VEHTYPE,,,,,,,,,,,,,
1.8.0,100,micro,!40,0,24448678#1 15491646#7 15491646#0 15491646#1 15491646#2 15491646#3,54,198,32,241,1017,DEFAULT_VEHTYPE,,,,,,,,,,,,,
1.8.0,100,micro,!41,0,24448678#1 15491646#7 15491646#0 15491646#1 15491646#2 15491646#3 15491646#4 15491646#5 655281697#0,54,198,32,241,1017,DEFAULT_VEHTYPE,,,,,,,,,,,,,
1.8.0,100,micro,!42,0,15491650#1 15491646#2 15491646#3 15491646#4 15491646#5 15491646#6 15491646#7 15491646#0 -gneE0,54,198,32,241,1017,DEFAULT_VEHTYPE,,,,,,,,,,,,,
1.8.0,100,micro,!43,0,gneE0 15491646#1 15491646#2 15491646#3 33850990#0 33850990#1,54,198,32,241,1017,DEFAULT_VEHTYPE,,,,,,,,,,,,,
1.8.0,100,micro,!44,0,-33851402#0 15491646#3 15491646#4 15491646#5 15491646#6 15491646#7 15491646#0 -gneE0,54,198,32,241,1017,DEFAULT_VEHTYPE,,,,,,,,,,,,,
1.8.0,100,micro,!47,0,-33851402#0 15491646#3 15491646#4 15491646#5,54,198,32,241,1017,DEFAULT_VEHTYPE,,,,,,,,,,,,,
1.8.0,100,micro,!48,0,gneE0 15491646#1 15491646#2 15491646#3 33850990#0 33850990#1,54,198,32,241,1017,DEFAULT_VEHTYPE,,,,,,,,,,,,,
1.8.0,100,micro,!49,0,gneE0 15491646#1 15491646#2 15491646#3 15491646#4 15491646#5 655281697#0,54,198,32,241,1017,DEFAULT_VEHTYPE,,,,,,,,,,,,,
1.8.0,100,micro,!51,0,655281689#1 15491646#5 15491646#6 15491646#7 15491646#0 15491646#1 15491646#2 15491646#3 33850990#0 33850990#1,54,198,32,241,1017,DEFAULT_VEHTYPE,,,,,,,,,,,,,
1.8.0,100,micro,!52,0,15491646#5 15491646#6 15491646#7 15491646#0 15491646#1 15491646#2 33851402#0,54,198,32,241,1017,DEFAULT_VEHTYPE,,,,,,,,,,,,,
1.8.0,100,micro,!53,0,-33851402#0 15491646#3 33850990#0,54,198,32,241,1017,DEFAULT_VEHTYPE,,,,,,,,,,,,,
1.8.0,100,micro,!55,0,gneE0 15491646#1 15491646#2 15491646#3,54,198,32,241,1017,DEFAULT_VEHTYPE,,,,,,,,,,,,,
1.8.0,100,micro,!56,0,15491650#1 15491646#2 15491646#3 15491646#4 15491646#5 15491646#6 15491646#7 15491646#0 -gneE0,54,198,32,241,1017,DEFAULT_VEHTYPE,,,,,,,,,,,,,
1.8.0,100,micro,!57,0,gneE0 15491646#1 15491646#2 15491646#3 15491646#4 15491646#5 655281697#0,54,198,32,241,1017,DEFAULT_VEHTYPE,,,,,,,,,,,,,
1.8.0,100,micro,!58,0,15491646#5 15491646#6 15491646#7 15491646#0 15491646#1 15491646#2 33851402#0,54,198,32,241,1017,DEFAULT_VEHTYPE,,,,,,,,,,,,,
1.8.0,100,micro,!59,0,24448678#1 15491646#7 15491646#0 -gneE0,54,198,32,241,1017,DEFAULT_VEHTYPE,,,,,,,,,,,,,
1.8.0,100,micro,!60,0,655281689#1 15491646#5 15491646#6 15491646#7 15491646#0 15491646#1 15491646#2 15491646#3 33850990#0 33850990#1,54,198,32,241,1017,DEFAULT_VEHTYPE,,,,,,,,,,,,,
1.8.0,100,micro,!61,0,655281689#1 15491646#5 15491646#6 15491646#7 15491646#0 15491646#1 15491646#2 15491646#3 33850990#0 33850990#1,54,198,32,241,1017,DEFAULT_VEHTYPE,,,,,,,,,,,,,
1.8.0,100,micro,!63,0,-33851402#0 15491646#3 15491646#4 15491646#5 655281697#0,54,198,32,241,1017,DEFAULT_VEHTYPE,,,,,,,,,,,,,
1.8.0,100,micro,!64,0,gneE0 15491646#1 15491646#2 15491646#3 15491646#4 15491646#5 655281697#0,54,198,32,241,1017,DEFAULT_VEHTYPE,,,,,,,,,,,,,
1.8.0,100,micro,!65,0,15491646#5 15491646#6 15491646#7 15491646#0 -gneE0,54,198,32,241,1017,DEFAULT_VEHTYPE,,,,,,,,,,,,,
1.8.0,100,micro,!66,0,gneE0 15491646#1 15491646#2 15491646#3 15491646#4 15491646#5 655281697#0,54,198,32,241,1017,DEFAULT_VEHTYPE,,,,,,,,,,,,,
1.8.0,100,micro,!67,0,-33851402#0 15491646#3 33850990#0 33850990#1,54,198,32,241,1017,DEFAULT_VEHTYPE,,,,,,,,,,,,,
1.8.0,100,micro,!68,0,-33851402#0 33851402#0,54,198,32,241,1017,DEFAULT_VEHTYPE,,,,,,,,,,,,,
1.8.0,100,micro,!69,0,655281689#1 15491646#5 15491646#6 15491646#7 15491646#0 -gneE0,54,198,32,241,1017,DEFAULT_VEHTYPE,,,,,,,,,,,,,
1.8.0,100,micro,!70,0,15491650#1 15491646#2 15491646#3 33850990#0 33850990#1,54,198,32,241,1017,DEFAULT_VEHTYPE,,,,,,,,,,,,,
1.8.0,100,micro,!71,0,15491646#4 15491646#5 655281697#0,54,198,32,241,1017,DEFAULT_VEHTYPE,,,,,,,,,,,,,
1.8.0,100,micro,!72,0,15491650#1 15491646#2 15491646#3 15491646#4 15491646#5 15491646#6 15491646#7 15491646#0 -gneE0,54,198,32,241,1017,DEFAULT_VEHTYPE,,,,,,,,,,,,,
1.8.0,100,micro,!73,0,24448678#1 15491646#7 15491646#0 15491646#1 15491646#2 33851402#0,54,198,32,241,1017,DEFAULT_VEHTYPE,,,,,,,,,,,,,
1.8.0,100,micro,!75,0,gneE0 15491646#1 15491646#2 33851402#0,54,198,32,241,1017,DEFAULT_VEHTYPE,,,,,,,,,,,,,
1.8.0,100,micro,!76,0,15491650#1 15491646#2 15491646#3 33850990#0 33850990#1,54,198,32,241,1017,DEFAULT_VEHTYPE,,,,,,,,,,,,,
1.8.0,100,micro,!77,0,-33851402#0 15491646#3,54,198,32,241,1017,DEFAULT_VEHTYPE,,,,,,,,,,,,,
1.8.0,100,micro,!78,0,15491650#1 15491646#2 15491646#3 33850990#0 33850990#1,54,198,32,241,1017,DEFAULT_VEHTYPE,,,,,,,,,,,,,
1.8.0,100,micro,!79,0,15491646#3 15491646#4 15491646#5 15491646#6 15491646#7 15491646#0,54,198,32,241,1017,DEFAULT_VEHTYPE,,,,,,,,,,,,,
1.8.0,100,micro,!80,0,-33851402#0 33851402#0,54,198,32,241,1017,DEFAULT_VEHTYPE,,,,,,,,,,,,,
1.8.0,100,micro,!81,0,15491646#3 15491646#4 15491646#5 655281697#0,54,198,32,241,1017,DEFAULT_VEHTYPE,,,,,,,,,,,,,
1.8.0,100,micro,!82,0,gneE0 15491646#1 15491646#2 15491646#3 15491646#4 15491646#5 15491646#6 15491646#7 15491646#0 -gneE0,54,198,32,241,1017,DEFAULT_VEHTYPE,,,,,,,,,,,,,
1.8.0,100,micro,!83,0,15491646#3 15491646#4 15491646#5 15491646#6 15491646#7 15491646#0 15491646#1 15491646#2 33851402#0,54,198,32,241,1017,DEFAULT_VEHTYPE,,,,,,,,,,,,,
1.8.0,100,micro,!84,0,15491646#3 15491646#4 15491646#5 15491646#6 15491646#7 15491646#0 -gneE0,54,198,32,241,1017,DEFAULT_VEHTYPE,,,,,,,,,,,,,
1.8.0,100,micro,!85,0,gneE0 15491646#1 15491646#2 15491646#3 33850990#0 33850990#1,54,198,32,241,1017,DEFAULT_VEHTYPE,,,,,,,,,,,,,
1.8.0,100,micro,!86,0,15491650#1 15491646#2 33851402#0,54,198,32,241,1017,DEFAULT_VEHTYPE,,,,,,,,,,,,,
1.8.0,100,micro,!87,0,655281689#1 15491646#5 15491646#6 15491646#7 15491646#0 -gneE0,54,198,32,241,1017,DEFAULT_VEHTYPE,,,,,,,,,,,,,
1.8.0,100,micro,!88,0,-33851402#0 15491646#3 15491646#4 15491646#5 15491646#6,54,198,32,241,1017,DEFAULT_VEHTYPE,,,,,,,,,,,,,
1.8.0,100,micro,!89,0,15491650#1 15491646#2 15491646#3 33850990#0,54,198,32,241,1017,DEFAULT_VEHTYPE,,,,,,,,,,,,,
1.8.0,100,micro,!90,0,655281689#1 15491646#5 15491646#6 15491646#7 15491646#0 15491646#1 15491646#2 33851402#0,54,198,32,241,1017,DEFAULT_VEHTYPE,,,,,,,,,,,,,
1.8.0,100,micro,!91,0,gneE0 15491646#1 15491646#2 15491646#3 15491646#4 15491646#5 15491646#6 15491646#7 15491646#0 -gneE0,54,198,32,241,1017,DEFAULT_VEHTYPE,,,,,,,,,,,,,
1.8.0,100,micro,!92,0,15491650#1 15491646#2 15491646#3,54,198,32,241,1017,DEFAULT_VEHTYPE,,,,,,,,,,,,,
1.8.0,100,micro,!93,0,gneE0 15491646#1 15491646#2 15491646#3,54,198,32,241,1017,DEFAULT_VEHTYPE,,,,,,,,,,,,,
1.8.0,100,micro,!94,0,15491646#3 33850990#0,54,198,32,241,1017,DEFAULT_VEHTYPE,,,,,,,,,,,,,
1.8.0,100,micro,!95,0,15491650#1 15491646#2 15491646#3,54,198,32,241,1017,DEFAULT_VEHTYPE,,,,,,,,,,,,,
1.8.0,100,micro,!96,0,15491646#3 15491646#4 15491646#5 655281697#0,54,198,32,241,1017,DEFAULT_VEHTYPE,,,,,,,,,,,,,
1.8.0,100,micro,!97,0,15491650#1 15491646#2 15491646#3 15491646#4 15491646#5 655281697#0,54,198,32,241,1017,DEFAULT_VEHTYPE,,,,,,,,,,,,,
1.8.0,100,micro,!98,0,24448678#1 15491646#7 15491646#0 -gneE0,54,198,32,241,1017,DEFAULT_VEHTYPE,,,,,,,,,,,,,
1.8.0,100,micro,!99,0,gneE0 15491646#1 15491646#2 15491646#3 15491646#4 15491646#5 655281697#0,54,198,32,241,1017,DEFAULT_VEHTYPE,,,,,,,,,,,,,
1.8.0,100,micro,,,,54,198,32,241,1017,DEFAULT_VEHTYPE,100,DEFAULT_VEHTYPE,100,!100,0 0,1.1,0 9223372036854775807 0 -1.00 0 0.00 0 0 0,0.00 0.00 0.00,0.00 0.00,0,100000 0,,
1.8.0,100,micro,,,,54,198,32,241,1017,DEFAULT_VEHTYPE,101,DEFAULT_VEHTYPE,101,!101,0 0,1.07,0 9223372036854775807 0 -1.00 0 0.00 0 0 0,0.00 0.00 0.00,0.00 0.00,0,100000 0,,
1.8.0,100,micro,,,,54,198,32,241,1017,DEFAULT_VEHTYPE,102,DEFAULT_VEHTYPE,102,!102,0 0,0.96,0 9223372036854775807 0 -1.00 0 0.00 0 0 0,0.00 0.00 0.00,0.00 0.00,0,100000 0,,
1.8.0,100,micro,,,,54,198,32,241,1017,DEFAULT_VEHTYPE,103,DEFAULT_VEHTYPE,103,!103,0 0,0.97,0 9223372036854775807 0 -1.00 0 0.00 0 0 0,0.00 0.00 0.00,0.00 0.00,0,100000 0,,
1.8.0,100,micro,,,,54,198,32,241,1017,DEFAULT_VEHTYPE,104,DEFAULT_VEHTYPE,104,!104,0 0,0.95,0 9223372036854775807 0 -1.00 0 0.00 0 0 0,0.00 0.00 0.00,0.00 0.00,0,100000 0,,
1.8.0,100,micro,,,,54,198,32,241,1017,DEFAULT_VEHTYPE,105,DEFAULT_VEHTYPE,105,!105,0 0,0.89,0 9223372036854775807 0 -1.00 0 0.00 0 0 0,0.00 0.00 0.00,0.00 0.00,0,100000 0,,
1.8.0,100,micro,,,,54,198,32,241,1017,DEFAULT_VEHTYPE,106,DEFAULT_VEHTYPE,106,!106,0 0,1.07,0 9223372036854775807 0 -1.00 0 0.00 0 0 0,0.00 0.00 0.00,0.00 0.00,0,100000 0,,
1.8.0,100,micro,,,,54,198,32,241,1017,DEFAULT_VEHTYPE,107,DEFAULT_VEHTYPE,107,!107,0 0,1.01,0 9223372036854775807 0 -1.00 0 0.00 0 0 0,0.00 0.00 0.00,0.00 0.00,0,100000 0,,
1.8.0,100,micro,,,,54,198,32,241,1017,DEFAULT_VEHTYPE,108,DEFAULT_VEHTYPE,108,!108,0 0,1.03,0 9223372036854775807 0 -1.00 0 0.00 0 0 0,0.00 0.00 0.00,0.00 0.00,0,100000 0,,
1.8.0,100,micro,,,,54,198,32,241,1017,DEFAULT_VEHTYPE,109,DEFAULT_VEHTYPE,109,!109,0 0,1.06,0 9223372036854775807 0 -1.00 0 0.00 0 0 0,0.00 0.00 0.00,0.00 0.00,0,100000 0,,
1.8.0,100,micro,,,,54,198,32,241,1017,DEFAULT_VEHTYPE,11,DEFAULT_VEHTYPE,11,!11,150.02 0,1.03,0 11000 3 5.10 35000 80.86 99000 0 0,8.65 3.65 0.00,0.00 0.00,0,100000 2 0 35000 47000 76000,,
1.8.0,100,micro,,,,54,198,32,241,1017,DEFAULT_VEHTYPE,110,DEFAULT_VEHTYPE,110,!110,0 0,0.96,0 9223372036854775807 0 -1.00 0 0.00 0 0 0,0.00 0.00 0.00,0.00 0.00,0,100000 0,,
1.8.0,100,micro,,,,54,198,32,241,1017,DEFAULT_VEHTYPE,111,DEFAULT_VEHTYPE,111,!111,0 0,0.93,0 9223372036854775807 0 -1.00 0 0.00 0 0 0,0.00 0.00 0.00,0.00 0.00,0,100000 0,,
1.8.0,100,micro,,,,54,198,32,241,1017,DEFAULT_VEHTYPE,112,DEFAULT_VEHTYPE,112,!112,0 0,0.87,0 9223372036854775807 0 -1.00 0 0.00 0 0 0,0.00 0.00 0.00,0.00 0.00,0,100000 0,,
1.8.0,100,micro,,,,54,198,32,241,1017,DEFAULT_VEHTYPE,113,DEFAULT_VEHTYPE,113,!113,0 0,1.1,0 9223372036854775807 0 -1.00 0 0.00 0 0 0,0.00 0.00 0.00,0.00 0.00,0,100000 0,,
1.8.0,100,micro,,,,54,198,32,241,1017,DEFAULT_VEHTYPE,114,DEFAULT_VEHTYPE,114,!114,0 0,1.01,0 9223372036854775807 0 -1.00 0 0.00 0 0 0,0.00 0.00 0.00,0.00 0.00,0,100000 0,,
1.8.0,100,micro,,,,54,198,32,241,1017,DEFAULT_VEHTYPE,115,DEFAULT_VEHTYPE,115,!115,0 0,1.1,0 9223372036854775807 0 -1.00 0 0.00 0 0 0,0.00 0.00 0.00,0.00 0.00,0,100000 0,,
1.8.0,100,micro,,,,54,198,32,241,1017,DEFAULT_VEHTYPE,116,DEFAULT_VEHTYPE,116,!116,0 0,0.92,0 9223372036854775807 0 -1.00 0 0.00 0 0 0,0.00 0.00 0.00,0.00 0.00,0,100000 0,,
1.8.0,100,micro,,,,54,198,32,241,1017,DEFAULT_VEHTYPE,117,DEFAULT_VEHTYPE,117,!117,0 0,1.18,0 9223372036854775807 0 -1.00 0 0.00 0 0 0,0.00 0.00 0.00,0.00 0.00,0,100000 0,,
1.8.0,100,micro,,,,54,198,32,241,1017,DEFAULT_VEHTYPE,118,DEFAULT_VEHTYPE,118,!118,0 0,1,0 9223372036854775807 0 -1.00 0 0.00 0 0 0,0.00 0.00 0.00,0.00 0.00,0,100000 0,,
1.8.0,100,micro,,,,54,198,32,241,1017,DEFAULT_VEHTYPE,119,DEFAULT_VEHTYPE,119,!119,0 0,0.99,0 9223372036854775807 0 -1.00 0 0.00 0 0 0,0.00 0.00 0.00,0.00 0.00,0,100000 0,,
1.8.0,100,micro,,,,54,198,32,241,1017,DEFAULT_VEHTYPE,120,DEFAULT_VEHTYPE,120,!120,0 0,1.07,0 9223372036854775807 0 -1.00 0 0.00 0 0 0,0.00 0.00 0.00,0.00 0.00,0,100000 0,,
1.8.0,100,micro,,,,54,198,32,241,1017,DEFAULT_VEHTYPE,121,DEFAULT_VEHTYPE,121,!121,0 0,0.94,0 9223372036854775807 0 -1.00 0 0.00 0 0 0,0.00 0.00 0.00,0.00 0.00,0,100000 0,,
1.8.0,100,micro,,,,54,198,32,241,1017,DEFAULT_VEHTYPE,122,DEFAULT_VEHTYPE,122,!122,0 0,1.1,0 9223372036854775807 0 -1.00 0 0.00 0 0 0,0.00 0.00 0.00,0.00 0.00,0,100000 0,,
1.8.0,100,micro,,,,54,198,32,241,1017,DEFAULT_VEHTYPE,123,DEFAULT_VEHTYPE,123,!123,0 0,1.03,0 9223372036854775807 0 -1.00 0 0.00 0 0 0,0.00 0.00 0.00,0.00 0.00,0,100000 0,,
1.8.0,100,micro,,,,54,198,32,241,1017,DEFAULT_VEHTYPE,124,DEFAULT_VEHTYPE,124,!124,0 0,1.02,0 9223372036854775807 0 -1.00 0 0.00 0 0 0,0.00 0.00 0.00,0.00 0.00,0,100000 0,,
1.8.0,100,micro,,,,54,198,32,241,1017,DEFAULT_VEHTYPE,125,DEFAULT_VEHTYPE,125,!125,0 0,1.06,0 9223372036854775807 0 -1.00 0 0.00 0 0 0,0.00 0.00 0.00,0.00 0.00,0,100000 0,,
1.8.0,100,micro,,,,54,198,32,241,1017,DEFAULT_VEHTYPE,126,DEFAULT_VEHTYPE,126,!126,0 0,1.15,0 9223372036854775807 0 -1.00 0 0.00 0 0 0,0.00 0.00 0.00,0.00 0.00,0,100000 0,,
1.8.0,100,micro,,,,54,198,32,241,1017,DEFAULT_VEHTYPE,127,DEFAULT_VEHTYPE,127,!127,0 0,1.03,0 9223372036854775807 0 -1.00 0 0.00 0 0 0,0.00 0.00 0.00,0.00 0.00,0,100000 0,,
1.8.0,100,micro,,,,54,198,32,241,1017,DEFAULT_VEHTYPE,128,DEFAULT_VEHTYPE,128,!128,0 0,0.82,0 9223372036854775807 0 -1.00 0 0.00 0 0 0,0.00 0.00 0.00,0.00 0.00,0,100000 0,,
1.8.0,100,micro,,,,54,198,32,241,1017,DEFAULT_VEHTYPE,129,DEFAULT_VEHTYPE,129,!129,0 0,1.12,0 9223372036854775807 0 -1.00 0 0.00 0 0 0,0.00 0.00 0.00,0.00 0.00,0,100000 0,,
1.8.0,100,micro,,,,54,198,32,241,1017,DEFAULT_VEHTYPE,130,DEFAULT_VEHTYPE,130,!130,0 0,1.01,0 9223372036854775807 0 -1.00 0 0.00 0 0 0,0.00 0.00 0.00,0.00 0.00,0,100000 0,,
1.8.0,100,micro,,,,54,198,32,241,1017,DEFAULT_VEHTYPE,131,DEFAULT_VEHTYPE,131,!131,0 0,1.03,0 9223372036854775807 0 -1.00 0 0.00 0 0 0,0.00 0.00 0.00,0.00 0.00,0,100000 0,,
1.8.0,100,micro,,,,54,198,32,241,1017,DEFAULT_VEHTYPE,132,DEFAULT_VEHTYPE,132,!132,0 0,1.07,0 9223372036854775807 0 -1.00 0 0.00 0 0 0,0.00 0.00 0.00,0.00 0.00,0,100000 0,,
1.8.0,100,micro,,,,54,198,32,241,1017,DEFAULT_VEHTYPE,133,DEFAULT_VEHTYPE,133,!133,0 0,0.96,0 9223372036854775807 0 -1.00 0 0.00 0 0 0,0.00 0.00 0.00,0.00 0.00,0,100000 0,,
1.8.0,100,micro,,,,54,198,32,241,1017,DEFAULT_VEHTYPE,135,DEFAULT_VEHTYPE,135,!135,0 0,1.04,0 9223372036854775807 0 -1.00 0 0.00 0 0 0,0.00 0.00 0.00,0.00 0.00,0,100000 0,,
1.8.0,100,micro,,,,54,198,32,241,1017,DEFAULT_VEHTYPE,137,DEFAULT_VEHTYPE,137,!137,0 0,1.23,0 9223372036854775807 0 -1.00 0 0.00 0 0 0,0.00 0.00 0.00,0.00 0.00,0,100000 0,,
1.8.0,100,micro,,,,54,198,32,241,1017,DEFAULT_VEHTYPE,138,DEFAULT_VEHTYPE,138,!138,0 0,1.01,0 9223372036854775807 0 -1.00 0 0.00 0 0 0,0.00 0.00 0.00,0.00 0.00,0,100000 0,,
1.8.0,100,micro,,,,54,198,32,241,1017,DEFAULT_VEHTYPE,139,DEFAULT_VEHTYPE,139,!139,0 0,1.12,0 9223372036854775807 0 -1.00 0 0.00 0 0 0,0.00 0.00 0.00,0.00 0.00,0,100000 0,,
1.8.0,100,micro,,,,54,198,32,241,1017,DEFAULT_VEHTYPE,140,DEFAULT_VEHTYPE,140,!140,0 0,1.02,0 9223372036854775807 0 -1.00 0 0.00 0 0 0,0.00 0.00 0.00,0.00 0.00,0,100000 0,,
1.8.0,100,micro,,,,54,198,32,241,1017,DEFAULT_VEHTYPE,141,DEFAULT_VEHTYPE,141,!141,0 0,1,0 9223372036854775807 0 -1.00 0 0.00 0 0 0,0.00 0.00 0.00,0.00 0.00,0,100000 0,,
1.8.0,100,micro,,,,54,198,32,241,1017,DEFAULT_VEHTYPE,142,DEFAULT_VEHTYPE,142,!142,0 0,0.95,0 9223372036854775807 0 -1.00 0 0.00 0 0 0,0.00 0.00 0.00,0.00 0.00,0,100000 0,,
1.8.0,100,micro,,,,54,198,32,241,1017,DEFAULT_VEHTYPE,143,DEFAULT_VEHTYPE,143,!143,0 0,1.11,0 9223372036854775807 0 -1.00 0 0.00 0 0 0,0.00 0.00 0.00,0.00 0.00,0,100000 0,,
1.8.0,100,micro,,,,54,198,32,241,1017,DEFAULT_VEHTYPE,144,DEFAULT_VEHTYPE,144,!144,0 0,1.16,0 9223372036854775807 0 -1.00 0 0.00 0 0 0,0.00 0.00 0.00,0.00 0.00,0,100000 0,,
1.8.0,100,micro,,,,54,198,32,241,1017,DEFAULT_VEHTYPE,145,DEFAULT_VEHTYPE,145,!145,0 0,0.94,0 9223372036854775807 0 -1.00 0 0.00 0 0 0,0.00 0.00 0.00,0.00 0.00,0,100000 0,,
1.8.0,100,micro,,,,54,198,32,241,1017,DEFAULT_VEHTYPE,146,DEFAULT_VEHTYPE,146,!146,0 0,1.13,0 9223372036854775807 0 -1.00 0 0.00 0 0 0,0.00 0.00 0.00,0.00 0.00,0,100000 0,,
1.8.0,100,micro,,,,54,198,32,241,1017,DEFAULT_VEHTYPE,147,DEFAULT_VEHTYPE,147,!147,0 0,0.73,0 9223372036854775807 0 -1.00 0 0.00 0 0 0,0.00 0.00 0.00,0.00 0.00,0,100000 0,,
1.8.0,100,micro,,,,54,198,32,241,1017,DEFAULT_VEHTYPE,148,DEFAULT_VEHTYPE,148,!148,0 0,1.14,0 9223372036854775807 0 -1.00 0 0.00 0 0 0,0.00 0.00 0.00,0.00 0.00,0,100000 0,,
1.8.0,100,micro,,,,54,198,32,241,1017,DEFAULT_VEHTYPE,149,DEFAULT_VEHTYPE,149,!149,0 0,0.89,0 9223372036854775807 0 -1.00 0 0.00 0 0 0,0.00 0.00 0.00,0.00 0.00,0,100000 0,,
1.8.0,100,micro,,,,54,198,32,241,1017,DEFAULT_VEHTYPE,150,DEFAULT_VEHTYPE,150,!150,0 0,1,0 9223372036854775807 0 -1.00 0 0.00 0 0 0,0.00 0.00 0.00,0.00 0.00,0,100000 0,,
1.8.0,100,micro,,,,54,198,32,241,1017,DEFAULT_VEHTYPE,151,DEFAULT_VEHTYPE,151,!151,0 0,0.97,0 9223372036854775807 0 -1.00 0 0.00 0 0 0,0.00 0.00 0.00,0.00 0.00,0,100000 0,,
1.8.0,100,micro,,,,54,198,32,241,1017,DEFAULT_VEHTYPE,152,DEFAULT_VEHTYPE,152,!152,0 0,1.04,0 9223372036854775807 0 -1.00 0 0.00 0 0 0,0.00 0.00 0.00,0.00 0.00,0,100000 0,,
1.8.0,100,micro,,,,54,198,32,241,1017,DEFAULT_VEHTYPE,153,DEFAULT_VEHTYPE,153,!153,0 0,0.96,0 9223372036854775807 0 -1.00 0 0.00 0 0 0,0.00 0.00 0.00,0.00 0.00,0,100000 0,,
1.8.0,100,micro,,,,54,198,32,241,1017,DEFAULT_VEHTYPE,154,DEFAULT_VEHTYPE,154,!154,0 0,1,0 9223372036854775807 0 -1.00 0 0.00 0 0 0,0.00 0.00 0.00,0.00 0.00,0,100000 0,,
1.8.0,100,micro,,,,54,198,32,241,1017,DEFAULT_VEHTYPE,155,DEFAULT_VEHTYPE,155,!155,0 0,1.07,0 9223372036854775807 0 -1.00 0 0.00 0 0 0,0.00 0.00 0.00,0.00 0.00,0,100000 0,,
1.8.0,100,micro,,,,54,198,32,241,1017,DEFAULT_VEHTYPE,156,DEFAULT_VEHTYPE,156,!156,0 0,0.93,0 9223372036854775807 0 -1.00 0 0.00 0 0 0,0.00 0.00 0.00,0.00 0.00,0,100000 0,,
1.8.0,100,micro,,,,54,198,32,241,1017,DEFAULT_VEHTYPE,157,DEFAULT_VEHTYPE,157,!157,0 0,1.06,0 9223372036854775807 0 -1.00 0 0.00 0 0 0,0.00 0.00 0.00,0.00 0.00,0,100000 0,,
1.8.0,100,micro,,,,54,198,32,241,1017,DEFAULT_VEHTYPE,158,DEFAULT_VEHTYPE,158,!158,0 0,1.12,0 9223372036854775807 0 -1.00 0 0.00 0 0 0,0.00 0.00 0.00,0.00 0.00,0,100000 0,,
1.8.0,100,micro,,,,54,198,32,241,1017,DEFAULT_VEHTYPE,159,DEFAULT_VEHTYPE,159,!159,0 0,1.18,0 9223372036854775807 0 -1.00 0 0.00 0 0 0,0.00 0.00 0.00,0.00 0.00,0,100000 0,,
1.8.0,100,micro,,,,54,198,32,241,1017,DEFAULT_VEHTYPE,160,DEFAULT_VEHTYPE,160,!160,0 0,1.08,0 9223372036854775807 0 -1.00 0 0.00 0 0 0,0.00 0.00 0.00,0.00 0.00,0,100000 0,,
1.8.0,100,micro,,,,54,198,32,241,1017,DEFAULT_VEHTYPE,161,DEFAULT_VEHTYPE,161,!161,0 0,0.91,0 9223372036854775807 0 -1.00 0 0.00 0 0 0,0.00 0.00 0.00,0.00 0.00,0,100000 0,,
1.8.0,100,micro,,,,54,198,32,241,1017,DEFAULT_VEHTYPE,162,DEFAULT_VEHTYPE,162,!162,0 0,1.14,0 9223372036854775807 0 -1.00 0 0.00 0 0 0,0.00 0.00 0.00,0.00 0.00,0,100000 0,,
1.8.0,100,micro,,,,54,198,32,241,1017,DEFAULT_VEHTYPE,163,DEFAULT_VEHTYPE,163,!163,0 0,0.88,0 9223372036854775807 0 -1.00 0 0.00 0 0 0,0.00 0.00 0.00,0.00 0.00,0,100000 0,,
1.8.0,100,micro,,,,54,198,32,241,1017,DEFAULT_VEHTYPE,164,DEFAULT_VEHTYPE,164,!164,0 0,1.08,0 9223372036854775807 0 -1.00 0 0.00 0 0 0,0.00 0.00 0.00,0.00 0.00,0,100000 0,,
1.8.0,100,micro,,,,54,198,32,241,1017,DEFAULT_VEHTYPE,165,DEFAULT_VEHTYPE,165,!165,0 0,0.99,0 9223372036854775807 0 -1.00 0 0.00 0 0 0,0.00 0.00 0.00,0.00 0.00,0,100000 0,,
1.8.0,100,micro,,,,54,198,32,241,1017,DEFAULT_VEHTYPE,166,DEFAULT_VEHTYPE,166,!166,0 0,1.13,0 9223372036854775807 0 -1.00 0 0.00 0 0 0,0.00 0.00 0.00,0.00 0.00,0,100000 0,,
1.8.0,100,micro,,,,54,198,32,241,1017,DEFAULT_VEHTYPE,167,DEFAULT_VEHTYPE,167,!167,0 0,1.05,0 9223372036854775807 0 -1.00 0 0.00 0 0 0,0.00 0.00 0.00,0.00 0.00,0,100000 0,,
1.8.0,100,micro,,,,54,198,32,241,1017,DEFAULT_VEHTYPE,168,DEFAULT_VEHTYPE,168,!168,0 0,0.91,0 9223372036854775807 0 -1.00 0 0.00 0 0 0,0.00 0.00 0.00,0.00 0.00,0,100000 0,,
1.8.0,100,micro,,,,54,198,32,241,1017,DEFAULT_VEHTYPE,169,DEFAULT_VEHTYPE,169,!169,0 0,1,0 9223372036854775807 0 -1.00 0 0.00 0 0 0,0.00 0.00 0.00,0.00 0.00,0,100000 0,,
1.8.0,100,micro,,,,54,198,32,241,1017,DEFAULT_VEHTYPE,170,DEFAULT_VEHTYPE,170,!170,0 0,1.03,0 9223372036854775807 0 -1.00 0 0.00 0 0 0,0.00 0.00 0.00,0.00 0.00,0,100000 0,,
1.8.0,100,micro,,,,54,198,32,241,1017,DEFAULT_VEHTYPE,171,DEFAULT_VEHTYPE,171,!171,0 0,0.98,0 9223372036854775807 0 -1.00 0 0.00 0 0 0,0.00 0.00 0.00,0.00 0.00,0,100000 0,,
1.8.0,100,micro,,,,54,198,32,241,1017,DEFAULT_VEHTYPE,172,DEFAULT_VEHTYPE,172,!172,0 0,0.94,0 9223372036854775807 0 -1.00 0 0.00 0 0 0,0.00 0.00 0.00,0.00 0.00,0,100000 0,,
1.8.0,100,micro,,,,54,198,32,241,1017,DEFAULT_VEHTYPE,173,DEFAULT_VEHTYPE,173,!173,0 0,1.09,0 9223372036854775807 0 -1.00 0 0.00 0 0 0,0.00 0.00 0.00,0.00 0.00,0,100000 0,,
1.8.0,100,micro,,,,54,198,32,241,1017,DEFAULT_VEHTYPE,175,DEFAULT_VEHTYPE,175,!175,0 0,0.9,0 9223372036854775807 0 -1.00 0 0.00 0 0 0,0.00 0.00 0.00,0.00 0.00,0,100000 0,,
1.8.0,100,micro,,,,54,198,32,241,1017,DEFAULT_VEHTYPE,176,DEFAULT_VEHTYPE,176,!176,0 0,0.89,0 9223372036854775807 0 -1.00 0 0.00 0 0 0,0.00 0.00 0.00,0.00 0.00,0,100000 0,,
1.8.0,100,micro,,,,54,198,32,241,1017,DEFAULT_VEHTYPE,177,DEFAULT_VEHTYPE,177,!177,0 0,1.14,0 9223372036854775807 0 -1.00 0 0.00 0 0 0,0.00 0.00 0.00,0.00 0.00,0,100000 0,,
1.8.0,100,micro,,,,54,198,32,241,1017,DEFAULT_VEHTYPE,178,DEFAULT_VEHTYPE,178,!178,0 0,0.96,0 9223372036854775807 0 -1.00 0 0.00 0 0 0,0.00 0.00 0.00,0.00 0.00,0,100000 0,,
1.8.0,100,micro,,,,54,198,32,241,1017,DEFAULT_VEHTYPE,179,DEFAULT_VEHTYPE,179,!179,0 0,0.92,0 9223372036854775807 0 -1.00 0 0.00 0 0 0,0.00 0.00 0.00,0.00 0.00,0,100000 0,,
1.8.0,100,micro,,,,54,198,32,241,1017,DEFAULT_VEHTYPE,180,DEFAULT_VEHTYPE,180,!180,0 0,1.09,0 9223372036854775807 0 -1.00 0 0.00 0 0 0,0.00 0.00 0.00,0.00 0.00,0,100000 0,,
1.8.0,100,micro,,,,54,198,32,241,1017,DEFAULT_VEHTYPE,181,DEFAULT_VEHTYPE,181,!181,0 0,1.03,0 9223372036854775807 0 -1.00 0 0.00 0 0 0,0.00 0.00 0.00,0.00 0.00,0,100000 0,,
1.8.0,100,micro,,,,54,198,32,241,1017,DEFAULT_VEHTYPE,182,DEFAULT_VEHTYPE,182,!182,0 0,1.08,0 9223372036854775807 0 -1.00 0 0.00 0 0 0,0.00 0.00 0.00,0.00 0.00,0,100000 0,,
1.8.0,100,micro,,,,54,198,32,241,1017,DEFAULT_VEHTYPE,183,DEFAULT_VEHTYPE,183,!183,0 0,1.06,0 9223372036854775807 0 -1.00 0 0.00 0 0 0,0.00 0.00 0.00,0.00 0.00,0,100000 0,,
1.8.0,100,micro,,,,54,198,32,241,1017,DEFAULT_VEHTYPE,184,DEFAULT_VEHTYPE,184,!184,0 0,1.1,0 9223372036854775807 0 -1.00 0 0.00 0 0 0,0.00 0.00 0.00,0.00 0.00,0,100000 0,,
1.8.0,100,micro,,,,54,198,32,241,1017,DEFAULT_VEHTYPE,185,DEFAULT_VEHTYPE,185,!185,0 0,1.03,0 9223372036854775807 0 -1.00 0 0.00 0 0 0,0.00 0.00 0.00,0.00 0.00,0,100000 0,,
1.8.0,100,micro,,,,54,198,32,241,1017,DEFAULT_VEHTYPE,186,DEFAULT_VEHTYPE,186,!186,0 0,1.03,0 9223372036854775807 0 -1.00 0 0.00 0 0 0,0.00 0.00 0.00,0.00 0.00,0,100000 0,,
1.8.0,100,micro,,,,54,198,32,241,1017,DEFAULT_VEHTYPE,187,DEFAULT_VEHTYPE,187,!187,0 0,1.08,0 9223372036854775807 0 -1.00 0 0.00 0 0 0,0.00 0.00 0.00,0.00 0.00,0,100000 0,,
1.8.0,100,micro,,,,54,198,32,241,1017,DEFAULT_VEHTYPE,189,DEFAULT_VEHTYPE,189,!189,0 0,0.94,0 9223372036854775807 0 -1.00 0 0.00 0 0 0,0.00 0.00 0.00,0.00 0.00,0,100000 0,,
1.8.0,100,micro,,,,54,198,32,241,1017,DEFAULT_VEHTYPE,190,DEFAULT_VEHTYPE,190,!190,0 0,0.92,0 9223372036854775807 0 -1.00 0 0.00 0 0 0,0.00 0.00 0.00,0.00 0.00,0,100000 0,,
1.8.0,100,micro,,,,54,198,32,241,1017,DEFAULT_VEHTYPE,191,DEFAULT_VEHTYPE,191,!191,0 0,1.08,0 9223372036854775807 0 -1.00 0 0.00 0 0 0,0.00 0.00 0.00,0.00 0.00,0,100000 0,,
1.8.0,100,micro,,,,54,198,32,241,1017,DEFAULT_VEHTYPE,192,DEFAULT_VEHTYPE,192,!192,0 0,0.89,0 9223372036854775807 0 -1.00 0 0.00 0 0 0,0.00 0.00 0.00,0.00 0.00,0,100000 0,,
1.8.0,100,micro,,,,54,198,32,241,1017,DEFAULT_VEHTYPE,193,DEFAULT_VEHTYPE,193,!193,0 0,0.97,0 9223372036854775807 0 -1.00 0 0.00 0 0 0,0.00 0.00 0.00,0.00 0.00,0,100000 0,,
1.8.0,100,micro,,,,54,198,32,241,1017,DEFAULT_VEHTYPE,194,DEFAULT_VEHTYPE,194,!194,0 0,0.97,0 9223372036854775807 0 -1.00 0 0.00 0 0 0,0.00 0.00 0.00,0.00 0.00,0,100000 0,,
1.8.0,100,micro,,,,54,198,32,241,1017,DEFAULT_VEHTYPE,195,DEFAULT_VEHTYPE,195,!195,0 0,0.9,0 9223372036854775807 0 -1.00 0 0.00 0 0 0,0.00 0.00 0.00,0.00 0.00,0,100000 0,,
1.8.0,100,micro,,,,54,198,32,241,1017,DEFAULT_VEHTYPE,196,DEFAULT_VEHTYPE,196,!196,0 0,0.93,0 9223372036854775807 0 -1.00 0 0.00 0 0 0,0.00 0.00 0.00,0.00 0.00,0,100000 0,,
1.8.0,100,micro,,,,54,198,32,241,1017,DEFAULT_VEHTYPE,197,DEFAULT_VEHTYPE,197,!197,0 0,1.1,0 9223372036854775807 0 -1.00 0 0.00 0 0 0,0.00 0.00 0.00,0.00 0.00,0,100000 0,,
1.8.0,100,micro,,,,54,198,32,241,1017,DEFAULT_VEHTYPE,198,DEFAULT_VEHTYPE,198,!198,0 0,1.07,0 9223372036854775807 0 -1.00 0 0.00 0 0 0,0.00 0.00 0.00,0.00 0.00,0,100000 0,,
1.8.0,100,micro,,,,54,198,32,241,1017,DEFAULT_VEHTYPE,199,DEFAULT_VEHTYPE,199,!199,0 0,1,0 9223372036854775807 0 -1.00 0 0.00 0 0 0,0.00 0.00 0.00,0.00 0.00,0,100000 0,,
1.8.0,100,micro,,,,54,198,32,241,1017,DEFAULT_VEHTYPE,20,DEFAULT_VEHTYPE,20,!20,108.44 0,1.02,0 20000 2 5.10 60000 74.54 99000 0 0,0.79 7.88 0.00,0.00 0.00,0,100000 1 0 60000,,
1.8.0,100,micro,,,,54,198,32,241,1017,DEFAULT_VEHTYPE,200,DEFAULT_VEHTYPE,200,!200,0 0,0.84,0 9223372036854775807 0 -1.00 0 0.00 0 0 0,0.00 0.00 0.00,0.00 0.00,0,100000 0,,
1.8.0,100,micro,,,,54,198,32,241,1017,DEFAULT_VEHTYPE,201,DEFAULT_VEHTYPE,201,!201,0 0,1.03,0 9223372036854775807 0 -1.00 0 0.00 0 0 0,0.00 0.00 0.00,0.00 0.00,0,100000 0,,
1.8.0,100,micro,,,,54,198,32,241,1017,DEFAULT_VEHTYPE,202,DEFAULT_VEHTYPE,202,!202,0 0,0.87,0 9223372036854775807 0 -1.00 0 0.00 0 0 0,0.00 0.00 0.00,0.00 0.00,0,100000 0,,
1.8.0,100,micro,,,,54,198,32,241,1017,DEFAULT_VEHTYPE,24,DEFAULT_VEHTYPE,24,!24,65.98 0,0.83,0 24000 1 5.10 43000 71.09 99000 0 0,2.49 8.79 0.00,0.00 0.00,0,100000 4 0 43000 47000 57000 62000 64000 66000 67000,,
1.8.0,100,micro,,,,54,198,32,241,1017,DEFAULT_VEHTYPE,25,DEFAULT_VEHTYPE,25,!25,146.02 0,0.87,0 25000 3 5.10 31000 66.88 99000 0 0,3.00 6.55 0.00,0.00 0.00,0,100000 3 0 31000 42000 43000 45000 65000,,
1.8.0,100,micro,,,,54,198,32,241,1017,DEFAULT_VEHTYPE,28,DEFAULT_VEHTYPE,28,!28,83.07 0,1.13,0 28000 2 5.10 57000 67.57 99000 0 0,5.38 0.38 0.00,0.00 0.00,0,100000 1 0 57000,,
1.8.0,100,micro,,,,54,198,32,241,1017,DEFAULT_VEHTYPE,3,DEFAULT_VEHTYPE,3,!3,157.81 0,1.08,0 3000 3 5.10 26000 86.44 99000 0 0,4.05 36.29 0.00,0.00 0.00,0,100000 3 0 26000 38000 39000 54000 85000,,
1.8.0,100,micro,,,,54,198,32,241,1017,DEFAULT_VEHTYPE,31,DEFAULT_VEHTYPE,31,!31,0 0,1.15,0 31000 0 5.10 57000 66.49 99000 0 0,53.68 48.68 0.00,0.00 0.00,0,100000 1 0 57000,,
1.8.0,100,micro,,,,54,198,32,241,1017,DEFAULT_VEHTYPE,32,DEFAULT_VEHTYPE,32,!32,89.36 0,1.01,0 33000 1 5.10 6000 58.47 99000 0 0,6.79 1.79 0.00,0.00 0.00,0,100000 3 0 6000 30000 34000 48000 61000,,
1.8.0,100,micro,,,,54,198,32,241,1017,DEFAULT_VEHTYPE,33,DEFAULT_VEHTYPE,33,!33,60.31 0,1.17,0 39000 2 5.10 50000 57.74 99000 0 0,5.63 0.63 0.00,0.00 0.00,0,100000 1 0 50000,,
1.8.0,100,micro,,,,54,198,32,241,1017,DEFAULT_VEHTYPE,34,DEFAULT_VEHTYPE,34,!34,0 0,0.99,0 37000 0 5.10 55000 61.44 99000 0 0,20.64 15.64 0.00,0.00 0.00,0,100000 1 0 55000,,
1.8.0,100,micro,,,,54,198,32,241,1017,DEFAULT_VEHTYPE,36,DEFAULT_VEHTYPE,36,!36,0 0,0.97,0 36000 0 5.10 12000 58.40 99000 0 0,67.23 62.23 0.00,0.00 0.00,0,100000 3 0 12000 29000 32000 47000 58000,,
1.8.0,100,micro,,,,54,198,32,241,1017,DEFAULT_VEHTYPE,38,DEFAULT_VEHTYPE,38,!38,0 0,1.18,0 39000 0 5.10 10000 56.67 99000 0 0,59.73 54.73 0.00,0.00 0.00,0,100000 3 0 10000 28000 29000 45000 56000,,
1.8.0,100,micro,,,,54,198,32,241,1017,DEFAULT_VEHTYPE,39,DEFAULT_VEHTYPE,39,!39,14.52 0,1.1,0 39000 1 4.00 53000 58.96 99000 0 0,13.14 8.14 0.00,0.00 0.00,0,100000 1 0 53000,,
1.8.0,100,micro,,,,54,198,32,241,1017,DEFAULT_VEHTYPE,40,DEFAULT_VEHTYPE,40,!40,0 0,0.9,0 40000 0 5.10 51000 57.36 99000 0 0,46.18 41.18 0.00,0.00 0.00,0,100000 1 0 51000,,
1.8.0,100,micro,,,,54,198,32,241,1017,DEFAULT_VEHTYPE,41,DEFAULT_VEHTYPE,41,!41,0 0,1.03,0 43000 0 5.10 47000 54.83 99000 0 0,38.68 33.68 0.00,0.00 0.00,0,100000 1 0 47000,,
1.8.0,100,micro,,,,54,198,32,241,1017,DEFAULT_VEHTYPE,42,DEFAULT_VEHTYPE,42,!42,100.23 0,0.96,0 42000 2 5.10 23000 51.00 99000 0 0,33.79 28.79 0.00,0.00 0.00,0,100000 4 0 23000 32000 34000 41000 42000 44000 47000,,
1.8.0,100,micro,,,,54,198,32,241,1017,DEFAULT_VEHTYPE,43,DEFAULT_VEHTYPE,43,!43,0 0,1.09,0 59000 0 5.10 7000 36.89 99000 0 0,52.23 47.23 0.00,0.00 0.00,0,100000 3 0 7000 27000 29000 39000 40000,,
1.8.0,100,micro,,,,54,198,32,241,1017,DEFAULT_VEHTYPE,44,DEFAULT_VEHTYPE,44,!44,0 0,1.04,0 44000 0 5.10 45000 51.06 99000 0 0,61.95 56.95 0.00,0.00 0.00,0,100000 1 0 45000,,
1.8.0,100,micro,,,,54,198,32,241,1017,DEFAULT_VEHTYPE,47,DEFAULT_VEHTYPE,47,!47,0 0,1,0 48000 0 5.10 41000 47.44 99000 0 0,54.45 49.45 0.00,0.00 0.00,0,100000 1 0 41000,,
1.8.0,100,micro,,,,54,198,32,241,1017,DEFAULT_VEHTYPE,48,DEFAULT_VEHTYPE,48,!48,0 0,0.9,0 66000 0 5.10 4000 29.83 99000 0 0,44.73 39.73 0.00,0.00 0.00,0,100000 1 0 4000,,
1.8.0,100,micro,,,,54,198,32,241,1017,DEFAULT_VEHTYPE,49,DEFAULT_VEHTYPE,49,!49,0 0,0.88,0 77000 0 5.10 4000 19.36 99000 0 0,37.22 32.22 0.01,0.01 0.02,0,100000 2 0 4000 21000 22000,,
1.8.0,100,micro,,,,54,198,32,241,1017,DEFAULT_VEHTYPE,51,DEFAULT_VEHTYPE,51,!51,0 0,0.85,0 51000 0 5.10 39000 45.59 99000 0 0,62.29 57.29 0.00,0.00 0.00,0,100000 1 0 39000,,
1.8.0,100,micro,,,,54,198,32,241,1017,DEFAULT_VEHTYPE,52,DEFAULT_VEHTYPE,52,!52,0 0,1.17,0 9223372036854775807 0 -1.00 0 0.00 0 0 0,5.10 0.10 0.00,0.00 0.00,0,100000 0,,
1.8.0,100,micro,,,,54,198,32,241,1017,DEFAULT_VEHTYPE,53,DEFAULT_VEHTYPE,53,!53,121.05 0,1.02,0 53000 2 5.10 0 37.67 99000 0 0,9.17 4.17 7.56,7.56 5.43,0,100000 1 10000 33000,,
1.8.0,100,micro,,,,54,198,32,241,1017,DEFAULT_VEHTYPE,55,DEFAULT_VEHTYPE,55,!55,0 0,1,0 82000 0 5.10 2000 15.23 99000 0 0,29.69 24.69 0.06,0.06 0.09,0,100000 1 0 2000,,
1.8.0,100,micro,,,,54,198,32,241,1017,DEFAULT_VEHTYPE,56,DEFAULT_VEHTYPE,56,!56,100.23 0,1,0 57000 2 5.10 10000 36.98 99000 0 0,18.78 13.78 0.00,0.00 0.00,0,100000 2 0 10000 22000 24000,,
1.8.0,100,micro,,,,54,198,32,241,1017,DEFAULT_VEHTYPE,57,DEFAULT_VEHTYPE,57,!57,0 0,0.9,0 85000 0 5.10 0 12.64 99000 0 0,22.11 17.11 0.12,0.12 0.12,0,100000 0,,
1.8.0,100,micro,,,,54,198,32,241,1017,DEFAULT_VEHTYPE,58,DEFAULT_VEHTYPE,58,!58,0 0,1.14,0 9223372036854775807 0 -1.00 0 0.00 0 0 0,0.00 0.00 0.00,0.00 0.00,0,100000 0,,
1.8.0,100,micro,,,,54,198,32,241,1017,DEFAULT_VEHTYPE,59,DEFAULT_VEHTYPE,59,!59,0 0,1.02,0 59000 0 5.10 34000 39.08 99000 0 0,31.18 26.18 0.00,0.00 0.00,0,100000 1 0 34000,,
1.8.0,100,micro,,,,54,198,32,241,1017,DEFAULT_VEHTYPE,60,DEFAULT_VEHTYPE,60,!60,0 0,0.97,0 60000 0 5.10 31000 37.16 99000 0 0,54.79 49.79 0.00,0.00 0.00,0,100000 1 0 31000,,
1.8.0,100,micro,,,,54,198,32,241,1017,DEFAULT_VEHTYPE,61,DEFAULT_VEHTYPE,61,!61,0 0,1.08,0 62000 0 5.10 27000 35.60 99000 0 0,47.29 42.29 0.00,0.00 0.00,0,100000 1 0 27000,,
1.8.0,100,micro,,,,54,198,32,241,1017,DEFAULT_VEHTYPE,63,DEFAULT_VEHTYPE,63,!63,76.4 0,1.02,0 65000 1 5.10 0 28.11 99000 0 0,22.48 17.48 7.28,7.28 11.78,0,100000 1 8000 25000,,
1.8.0,100,micro,,,,54,198,32,241,1017,DEFAULT_VEHTYPE,64,DEFAULT_VEHTYPE,64,!64,0 0,0.99,0 90000 0 5.10 0 8.32 99000 0 0,14.40 9.40 0.17,0.17 0.19,0,100000 0,,
1.8.0,100,micro,,,,54,198,32,241,1017,DEFAULT_VEHTYPE,65,DEFAULT_VEHTYPE,65,!65,0 0,0.94,0 9223372036854775807 0 -1.00 0 0.00 0 0 0,0.00 0.00 0.00,0.00 0.00,0,100000 0,,
1.8.0,100,micro,,,,54,198,32,241,1017,DEFAULT_VEHTYPE,66,DEFAULT_VEHTYPE,66,!66,0 0,0.88,0 95000 0 5.10 0 3.88 99000 0 0,6.58 1.58 0.27,0.27 0.27,0,100000 1 2000 3000,,
1.8.0,100,micro,,,,54,198,32,241,1017,DEFAULT_VEHTYPE,67,DEFAULT_VEHTYPE,67,!67,76.4 0,0.91,0 68000 1 5.10 0 25.20 99000 0 0,1.72 10.17 7.78,7.78 8.65,0,100000 1 7000 23000,,
1.8.0,100,micro,,,,54,198,32,241,1017,DEFAULT_VEHTYPE,68,DEFAULT_VEHTYPE,68,!68,0 0,0.91,0 70000 0 5.10 0 24.85 99000 0 0,57.81 52.81 8.33,8.33 6.72,0,100000 1 6000 21000,,
1.8.0,100,micro,,,,54,198,32,241,1017,DEFAULT_VEHTYPE,69,DEFAULT_VEHTYPE,69,!69,0 0,1.04,0 69000 0 5.10 22000 28.80 99000 0 0,39.79 34.79 0.00,0.00 0.00,0,100000 1 0 22000,,
1.8.0,100,micro,,,,54,198,32,241,1017,DEFAULT_VEHTYPE,70,DEFAULT_VEHTYPE,70,!70,69.28 0,1.02,0 70000 0 5.10 8000 25.48 99000 0 0,14.03 9.03 0.00,0.00 0.00,0,100000 2 0 8000 13000 14000,,
1.8.0,100,micro,,,,54,198,32,241,1017,DEFAULT_VEHTYPE,71,DEFAULT_VEHTYPE,71,!71,0 0,1.02,0 9223372036854775807 0 -1.00 0 0.00 0 0 0,4.00 -1.00 0.00,0.00 0.00,0,100000 0,,
1.8.0,100,micro,,,,54,198,32,241,1017,DEFAULT_VEHTYPE,72,DEFAULT_VEHTYPE,72,!72,0 0,0.97,0 73000 0 5.10 9000 23.66 99000 0 0,68.28 63.28 0.00,0.00 0.00,0,100000 1 0 9000,,
1.8.0,100,micro,,,,54,198,32,241,1017,DEFAULT_VEHTYPE,73,DEFAULT_VEHTYPE,73,!73,0 0,0.94,0 73000 0 5.10 20000 25.29 99000 0 0,23.67 18.67 0.00,0.00 0.00,0,100000 1 0 20000,,
1.8.0,100,micro,,,,54,198,32,241,1017,DEFAULT_VEHTYPE,75,DEFAULT_VEHTYPE,75,!75,0 0,0.96,0 9223372036854775807 0 -1.00 0 0.00 0 0 0,5.10 0.10 0.00,0.00 0.00,0,100000 0,,
1.8.0,100,micro,,,,54,198,32,241,1017,DEFAULT_VEHTYPE,76,DEFAULT_VEHTYPE,76,!76,0 0,0.98,0 76000 0 5.10 7000 20.97 99000 0 0,60.78 55.78 0.00,0.00 0.00,0,100000 1 0 7000,,
1.8.0,100,micro,,,,54,198,32,241,1017,DEFAULT_VEHTYPE,77,DEFAULT_VEHTYPE,77,!77,0 0,1.03,0 77000 0 5.10 13000 19.08 99000 0 0,46.95 41.95 0.00,0.00 0.00,0,100000 1 0 13000,,
1.8.0,100,micro,,,,54,198,32,241,1017,DEFAULT_VEHTYPE,78,DEFAULT_VEHTYPE,78,!78,0 0,0.98,0 79000 0 5.10 4000 18.23 99000 0 0,53.28 48.28 0.00,0.00 0.01,0,100000 1 0 4000,,
1.8.0,100,micro,,,,54,198,32,241,1017,DEFAULT_VEHTYPE,79,DEFAULT_VEHTYPE,79,!79,0 0,1.01,0 80000 0 5.10 11000 18.24 99000 0 0,26.29 21.29 0.00,0.00 0.00,0,100000 1 0 11000,,
1.8.0,100,micro,,,,54,198,32,241,1017,DEFAULT_VEHTYPE,80,DEFAULT_VEHTYPE,80,!80,0 0,1.09,0 80000 0 5.10 0 16.70 99000 0 0,39.88 34.88 5.72,5.72 4.15,0,100000 1 5000 12000,,
1.8.0,100,micro,,,,54,198,32,241,1017,DEFAULT_VEHTYPE,81,DEFAULT_VEHTYPE,81,!81,94.3 0,1.03,0 87000 3 5.10 0 7.28 99000 0 0,30.60 25.60 13.74,13.74 11.65,0,100000 0,,
1.8.0,100,micro,,,,54,198,32,241,1017,DEFAULT_VEHTYPE,82,DEFAULT_VEHTYPE,82,!82,0 0,1,0 9223372036854775807 0 -1.00 0 0.00 0 0 0,0.00 0.00 0.00,0.00 0.00,0,100000 0,,
1.8.0,100,micro,,,,54,198,32,241,1017,DEFAULT_VEHTYPE,83,DEFAULT_VEHTYPE,83,!83,0 0,1.02,0 88000 0 5.10 8000 10.78 99000 0 0,11.28 6.28 0.00,0.00 0.00,0,100000 1 0 8000,,
1.8.0,100,micro,,,,54,198,32,241,1017,DEFAULT_VEHTYPE,84,DEFAULT_VEHTYPE,84,!84,0 0,0.97,0 9223372036854775807 0 -1.00 0 0.00 0 0 0,5.10 0.10 0.00,0.00 0.00,0,100000 0,,
1.8.0,100,micro,,,,54,198,32,241,1017,DEFAULT_VEHTYPE,85,DEFAULT_VEHTYPE,85,!85,0 0,1.15,0 9223372036854775807 0 -1.00 0 0.00 0 0 0,0.00 0.00 0.00,0.00 0.00,0,100000 0,,
1.8.0,100,micro,,,,54,198,32,241,1017,DEFAULT_VEHTYPE,86,DEFAULT_VEHTYPE,86,!86,0 0,0.98,0 86000 0 5.10 2000 11.50 99000 0 0,45.77 40.77 0.01,0.01 0.02,0,100000 1 0 2000,,
1.8.0,100,micro,,,,54,198,32,241,1017,DEFAULT_VEHTYPE,87,DEFAULT_VEHTYPE,87,!87,0 0,1,0 87000 0 5.10 5000 11.02 99000 0 0,32.28 27.28 0.00,0.00 0.00,0,100000 1 0 5000,,
1.8.0,100,micro,,,,54,198,32,241,1017,DEFAULT_VEHTYPE,88,DEFAULT_VEHTYPE,88,!88,0 0,1.04,0 88000 0 5.10 4000 8.63 99000 0 0,39.45 34.45 0.00,0.00 0.00,0,100000 1 0 4000,,
1.8.0,100,micro,,,,54,198,32,241,1017,DEFAULT_VEHTYPE,89,DEFAULT_VEHTYPE,89,!89,0 0,1.01,0 89000 0 5.10 0 8.81 99000 0 0,38.25 33.25 0.13,0.13 0.28,0,100000 0,,
1.8.0,100,micro,,,,54,198,32,241,1017,DEFAULT_VEHTYPE,90,DEFAULT_VEHTYPE,90,!90,0 0,1.02,0 90000 0 5.10 3000 8.31 99000 0 0,24.78 19.78 0.00,0.00 0.01,0,100000 1 0 3000,,
1.8.0,100,micro,,,,54,198,32,241,1017,DEFAULT_VEHTYPE,91,DEFAULT_VEHTYPE,91,!91,0 0,1.02,0 9223372036854775807 0 -1.00 0 0.00 0 0 0,0.00 0.00 0.00,0.00 0.00,0,100000 0,,
1.8.0,100,micro,,,,54,198,32,241,1017,DEFAULT_VEHTYPE,92,DEFAULT_VEHTYPE,92,!92,0 0,0.89,0 92000 0 5.10 0 5.97 99000 0 0,30.57 25.57 0.94,0.94 1.40,0,100000 0,,
1.8.0,100,micro,,,,54,198,32,241,1017,DEFAULT_VEHTYPE,93,DEFAULT_VEHTYPE,93,!93,0 0,0.83,0 9223372036854775807 0 -1.00 0 0.00 0 0 0,0.00 0.00 0.00,0.00 0.00,0,100000 0,,
1.8.0,100,micro,,,,54,198,32,241,1017,DEFAULT_VEHTYPE,94,DEFAULT_VEHTYPE,94,!94,0 0,0.92,0 9223372036854775807 0 -1.00 0 0.00 0 0 0,0.00 0.00 0.00,0.00 0.00,0,100000 0,,
1.8.0,100,micro,,,,54,198,32,241,1017,DEFAULT_VEHTYPE,95,DEFAULT_VEHTYPE,95,!95,0 0,1.09,0 95000 0 5.10 0 3.47 99000 0 0,21.26 16.26 2.90,2.90 6.69,0,100000 0,,
1.8.0,100,micro,,,,54,198,32,241,1017,DEFAULT_VEHTYPE,96,DEFAULT_VEHTYPE,96,!96,0 0,1.06,0 9223372036854775807 0 -1.00 0 0.00 0 0 0,0.00 0.00 0.00,0.00 0.00,0,100000 0,,
1.8.0,100,micro,,,,54,198,32,241,1017,DEFAULT_VEHTYPE,97,DEFAULT_VEHTYPE,97,!97,0 0,1.01,0 98000 0 5.10 0 0.93 99000 0 0,7.18 2.18 2.08,2.08 0.00,0,100000 0,,
1.8.0,100,micro,,,,54,198,32,241,1017,DEFAULT_VEHTYPE,98,DEFAULT_VEHTYPE,98,!98,0 0,0.91,0 98000 0 5.10 0 0.92 99000 0 0,7.15 2.15 2.05,2.05 0.00,0,100000 0,,
1.8.0,100,micro,,,,54,198,32,241,1017,DEFAULT_VEHTYPE,99,DEFAULT_VEHTYPE,99,!99,0 0,1.12,0 9223372036854775807 0 -1.00 0 0.00 0 0 0,0.00 0.00 0.00,0.00 0.00,0,100000 0,,
1.8.0,100,micro,,,,54,198,32,241,1017,DEFAULT_VEHTYPE,,,,,,,,,,,,:123042819_0_0,11
1.8.0,100,micro,,,,54,198,32,241,1017,DEFAULT_VEHTYPE,,,,,,,,,,,,:1556433695_0_0,3
1.8.0,100,micro,,,,54,198,32,241,1017,DEFAULT_VEHTYPE,,,,,,,,,,,,:2830970773_0_0,70
1.8.0,100,micro,,,,54,198,32,241,1017,DEFAULT_VEHTYPE,,,,,,,,,,,,:2830970773_1_0,32
1.8.0,100,micro,,,,54,198,32,241,1017,DEFAULT_VEHTYPE,,,,,,,,,,,,:2830970784_0_0,24
1.8.0,100,micro,,,,54,198,32,241,1017,DEFAULT_VEHTYPE,,,,,,,,,,,,:6139734091_0_0,28
1.8.0,100,micro,,,,54,198,32,241,1017,DEFAULT_VEHTYPE,,,,,,,,,,,,-33851402#0_0,88 77 47 44
1.8.0,100,micro,,,,54,198,32,241,1017,DEFAULT_VEHTYPE,,,,,,,,,,,,-33851402#0_1,80 68
1.8.0,100,micro,,,,54,198,32,241,1017,DEFAULT_VEHTYPE,,,,,,,,,,,,15491646#3_0,83 56 79 42
1.8.0,100,micro,,,,54,198,32,241,1017,DEFAULT_VEHTYPE,,,,,,,,,,,,15491646#3_1,67 63
1.8.0,100,micro,,,,54,198,32,241,1017,DEFAULT_VEHTYPE,,,,,,,,,,,,15491646#4_0,25
1.8.0,100,micro,,,,54,198,32,241,1017,DEFAULT_VEHTYPE,,,,,,,,,,,,15491646#5_0,33 39 34
1.8.0,100,micro,,,,54,198,32,241,1017,DEFAULT_VEHTYPE,,,,,,,,,,,,15491646#6_0,20
1.8.0,100,micro,,,,54,198,32,241,1017,DEFAULT_VEHTYPE,,,,,,,,,,,,15491650#1_0,97 95 92 89 86 78 76 72
1.8.0,100,micro,,,,54,198,32,241,1017,DEFAULT_VEHTYPE,,,,,,,,,,,,24448678#1_0,98 73 59 41 40 31
1.8.0,100,micro,,,,54,198,32,241,1017,DEFAULT_VEHTYPE,,,,,,,,,,,,33850990#0_0,53
1.8.0,100,micro,,,,54,198,32,241,1017,DEFAULT_VEHTYPE,,,,,,,,,,,,655281689#1_0,90 87 69 61 60 51
1.8.0,100,micro,,,,54,198,32,241,1017,DEFAULT_VEHTYPE,,,,,,,,,,,,655281697#0_0,81
1.8.0,100,micro,,,,54,198,32,241,1017,DEFAULT_VEHTYPE,,,,,,,,,,,,gneE0_0,66 64 57 55 49 48 43 38 36
,35100,,,,,,69498,11232,,356967,,,,,,,,,,,,,,
